"eenheid","label"
"http://data.lblod.info/id/bestuurseenheden/efc00af720c638ed6425d46051f51d25fa7a624b973b2a07c39ba4498caee78d","Meerhout"
"http://data.lblod.info/id/bestuurseenheden/cbce9f764b42a5c0aacd9c868ed5899901f9717ceda4fbbddf3af6be70371022","Wetteren"
"http://data.lblod.info/id/bestuurseenheden/76241c2a97ec7b12f9dd4357d916a627534984977b77d9c07bee0946c97ae6af","Houthalen-Helchteren"
"http://data.lblod.info/id/bestuurseenheden/86db2b72b83ed1ab8b68d4da00639c883d786f425ee1d3f2ea8e76278bfca4f9","Keerbergen"
"http://data.lblod.info/id/bestuurseenheden/0cc6cd604ef836cd7c25ccc83de3a28422cf9b9e515ced6d31defe7c7a20d88f","Ravels"
"http://data.lblod.info/id/bestuurseenheden/578b3a0e938f41f0f4e1d4802256198d1ef28e86b1f58bd690a537b6d2fbfd17","Lommel"
"http://data.lblod.info/id/bestuurseenheden/5d6cc695e6c2082ca219baf425c61e8fc8ea25ec5a11187f1d96863266adcd64","Aarschot"
"http://data.lblod.info/id/bestuurseenheden/7f4a152c7aaa7e96f14d97b2bfc150d089f06934d8aa88ce033292b9953d8381","Berlare"
"http://data.lblod.info/id/bestuurseenheden/b694643b656fb0e2e4b25979e23f2cbc47d9780cd27e2914983aff4f338eaa43","Langemark-Poelkapelle"
"http://data.lblod.info/id/bestuurseenheden/0522694a8581edeaeb3526ea5ba7f2499654105d97ada0008a79be32e0e43dcd","Waasmunster"
"http://data.lblod.info/id/bestuurseenheden/ef6cb65856267721638c26272a9eb1584a9516527fd2ecabc1627d26c3dd8dd0","Balen"
"http://data.lblod.info/id/bestuurseenheden/81c963a775083e79abd30962c6ae585c9d2797565982d4a486601183c01a8872","Kortenberg"
"http://data.lblod.info/id/bestuurseenheden/15cd743b38bfe22875031bac8c66d32f8f112db3511e660ac28c94271e772d64","Ingelmunster"
"http://data.lblod.info/id/bestuurseenheden/2cc9610e28efbf6dad47a109e03484ae59c668a7482f843cac4f0842a929b44d","Wortegem-Petegem"
"http://data.lblod.info/id/bestuurseenheden/2b814c506530ef42d4f7e9ab83bee10ede35c9aaf5ff9ca95c205040e639e703","Laarne"
"http://data.lblod.info/id/bestuurseenheden/79126ca51f0108c40c0ffe95de2d08979e79de89b1ad87a5134a49049fafeb1a","Zonnebeke"
"http://data.lblod.info/id/bestuurseenheden/68e8c071ddfe1957b9c7b0ccd269f6776f4863a5f5bf4fed636f0e76427200ac","Mechelen"
"http://data.lblod.info/id/bestuurseenheden/96dbda2f169c22981edcd92a69f74e5eacbe62b422b8782a7837e724da7aa755","Nieuwpoort"
"http://data.lblod.info/id/bestuurseenheden/122817656206dc0483f5e9304d25fe94f0ab113293ae7b21ebf6e0ef4ec89604","Hoeilaart"
"http://data.lblod.info/id/bestuurseenheden/dccd34bd1535fec7707ce7b19c76bf5446241926e4b951e37defb87c80e24218","Lier"
"http://data.lblod.info/id/bestuurseenheden/32d0fce422c04b004e3cf640d3aa06468f8ec8f650d578806642c1097b95d782","Lovendegem"
"http://data.lblod.info/id/bestuurseenheden/e3289466b88127a445e1467a360f24221bdac2723613b8adabeb131e8d9a3659","Overpelt"
"http://data.lblod.info/id/bestuurseenheden/e437949aa5906b1a565b823c0f707a132e33b9acf55f5ddd58e10f2e5ee9d1fb","Schoten"
"http://data.lblod.info/id/bestuurseenheden/94c56bcbb9692f00b27a7411599cc08f39128ddad93dd822344f428ef67550e5","Zoersel"
"http://data.lblod.info/id/bestuurseenheden/4d7946dc0b77ae0cbc08637f4e1a0009a58305ab5da33aadd75c7d4748340b86","Aartselaar"
"http://data.lblod.info/id/bestuurseenheden/dd7dbe736a9dc2a116cd12fefca2063e903574d708d153427553d4afe01e640e","Torhout"
"http://data.lblod.info/id/bestuurseenheden/51793f0f16c2b06e9c64cbc141407fcafaa340576c96988971dc0855f032940c","Zomergem"
"http://data.lblod.info/id/bestuurseenheden/55320f120f1c2586e93570f0eb123242760a424c355014a41afc1f4465c5f352","Spiere-Helkijn"
"http://data.lblod.info/id/bestuurseenheden/7acf9640b540b3cad9268ea04734134e0687788914c89a353c54d04d86dc8a80","Merchtem"
"http://data.lblod.info/id/bestuurseenheden/3799d1366ce54062742b3fd4c46514cec369620e1a760ee9b019a820ed38078f","Menen"
"http://data.lblod.info/id/bestuurseenheden/ceb1cdcf01ffc68542de2b1e0f8e6f1d581b0267d85fc7080cc451977dc42c5a","Vilvoorde"
"http://data.lblod.info/id/bestuurseenheden/aa73a88fd45a6997484779b2e8e5a501a60072cb370254e8365920540fc316eb","Wichelen"
"http://data.lblod.info/id/bestuurseenheden/9ae900a5447b7d727ca6496910220d4389aba7f1869923f1bbf9729bdeca28e2","Bilzen"
"http://data.lblod.info/id/bestuurseenheden/f6ef0202c1dca780c66e269f2d21aa39a690f4c57ad05ece63f178b629bbb98e","Tielt"
"http://data.lblod.info/id/bestuurseenheden/201f85f3d130bc1145ef575de1ae82d390eefe42ca0b0ebff886ee7822085cda","Haacht"
"http://data.lblod.info/id/bestuurseenheden/d46371c007fc5caf83968d47133589353cffbd96966111bb7fce21b23faf20fe","Huldenberg"
"http://data.lblod.info/id/bestuurseenheden/929477e6b82c5e17f1cd7b1e5dd91fcdfddf7a1d981d842a95026373d06f1b3a","Kaprijke"
"http://data.lblod.info/id/bestuurseenheden/518c31a6e89f514c075e0927bce9fb2c91a552b6d65208c04a687d4bcb81148c","Wingene"
"http://data.lblod.info/id/bestuurseenheden/39c1dea3c4d9a91dd4506e091fc845d3a7f97c426c7aea3e2e728524c0809354","Hulshout"
"http://data.lblod.info/id/bestuurseenheden/49eb35983edc02a14dbcdb37833fd798e5422aa8b03b3875e8cc7a18d1b2b853","Hove"
"http://data.lblod.info/id/bestuurseenheden/bd05ba17a726c2790cfa5b89c903586d81cd29ce2ca25df1806f628721d4e64d","Asse"
"http://data.lblod.info/id/bestuurseenheden/785715d2822814f7dc0b3896601b5b777feb1ef9722e1c54f4cdcc697594acca","Voeren"
"http://data.lblod.info/id/bestuurseenheden/fef6a0b451b73385de3e432650ce61f7ca4c53c64cb793a0ae25b81837e9dc55","De Haan"
"http://data.lblod.info/id/bestuurseenheden/97b3c6867724768232d06832dd1960797fc6f3ae9b3fdca24079e155dc50e62f","Tremelo"
"http://data.lblod.info/id/bestuurseenheden/c275e4917dc07249a9f833945018c3d03408dd455736ba9faf2e1b4410b16c3f","Gingelom"
"http://data.lblod.info/id/bestuurseenheden/bbc23313f4c8585a0c51f15f920d77123356535cd1cad9af38f5707892c7088d","Zwijndrecht"
"http://data.lblod.info/id/bestuurseenheden/bad14fadb66ed3809c655c9d07d8280a9fd5004c47e3131e0e67bd81f0b8182d","Merksplas"
"http://data.lblod.info/id/bestuurseenheden/cbe8c66f4282f791c6543bef7a102f8abd9199452aa87ffd141d1c6524d01700","Hooglede"
"http://data.lblod.info/id/bestuurseenheden/92f38467d9467707d91ba9cb3c5c165cd58447078d985b25a651b3f01e8695cd","Lennik"
"http://data.lblod.info/id/bestuurseenheden/65e28345eaf58a1900fbff273bdf390937ad5e5d8682668c256a2ebfec39ac37","Zaventem"
"http://data.lblod.info/id/bestuurseenheden/1b302e59584e383bbf169280c7f21070c65332a58ed4e80c89fbd876edc4cdbb","Pepingen"
"http://data.lblod.info/id/bestuurseenheden/c78f64baa2f264a2c8b5207f788c285ffc1c0393cf20e6fc83ab61548a2baf9c","Nevele"
"http://data.lblod.info/id/bestuurseenheden/cb6ea2dd7a009bca2aa4c1058cce5545420792b9db0a6b5516e49a4ae4b03701","Zingem"
"http://data.lblod.info/id/bestuurseenheden/1d6bd844667629bd4b3a630789770e57947c7496845fc706c31bc2d9314b71ee","Diksmuide"
"http://data.lblod.info/id/bestuurseenheden/c5605cec98e351189ed24796350db8866e918540f4abfb6a038e339c72afb875","Zulte"
"http://data.lblod.info/id/bestuurseenheden/0a6f2c605c7513077bd8f06162a9b4dc4c7aedb113f15a3e9e8792719e9b107a","Vorselaar"
"http://data.lblod.info/id/bestuurseenheden/d6a04c16b842c671407bccdad2d3b536b7d356096ae24e7c6c6e22cee4296db4","Affligem"
"http://data.lblod.info/id/bestuurseenheden/ec07b3c9e3fa08383f7be47a633ba4330c29771769b8e4aa9608c9c1fe130d71","Staden"
"http://data.lblod.info/id/bestuurseenheden/afb26133e0a188cfa468db610b18531b22a631abf4c24187d4a7ea2f127fc581","Hechtel-Eksel"
"http://data.lblod.info/id/bestuurseenheden/6773d718ab6fff1e3738106296c9c8972f8dbe311fa4a5c78547512eb9d2789e","Kortrijk"
"http://data.lblod.info/id/bestuurseenheden/44e59e452ba64d4e0d10167d6978af59dd3680a5a4ce7736ccc5973bbb476e66","Temse"
"http://data.lblod.info/id/bestuurseenheden/ba8a253d98ea7d2ab1afc43e5e2cd145a12ccd86b68e71d023e3c13a83d7498f","Galmaarden"
"http://data.lblod.info/id/bestuurseenheden/d9ee3dc7b107144c145264b6aa43b263ef51db6ffb523b222e1bc01aaea4d6ad","Herk-de-Stad"
"http://data.lblod.info/id/bestuurseenheden/8cd07007fee51d55760f7d3d14944b548d98061a9eca4eafe825c89a1145aaf3","Westerlo"
"http://data.lblod.info/id/bestuurseenheden/461fdead3ed31710eb58da8b8acc22a08f82409c4edc3adf220ef2f98aa57c30","Alken"
"http://data.lblod.info/id/bestuurseenheden/8741ed200d8fa26adfa6f6738f1544b161c846d6a90863c028164dfebf540cbe","Vleteren"
"http://data.lblod.info/id/bestuurseenheden/6c0cee908003c04080f2f07d86c669c42f3ea69eeb6a018a78261d61b88e102a","Schilde"
"http://data.lblod.info/id/bestuurseenheden/f56f068943a99059f5bfc3b905fe8848a25a47cfa30fb3ed3d294b47815b2255","Merelbeke"
"http://data.lblod.info/id/bestuurseenheden/034acaef43bcf9245ed7256b516a7ac127b9d505509bad7387b95794b8c15a0e","Oostende"
"http://data.lblod.info/id/bestuurseenheden/7e7bcc5a4794e967fc42316fa2dedaba81604a755223031ea3c99afd9308b98f","Roeselare"
"http://data.lblod.info/id/bestuurseenheden/b5b5dd1ba3ec660298af91fc1a52367f52d4cf369167c4c93c450dcd9a6f2c3b","Ninove"
"http://data.lblod.info/id/bestuurseenheden/83c7a12a4a8ac8dd82895715095a866dc4794e60de61b967419bdfc1e207ad96","Antwerpen"
"http://data.lblod.info/id/bestuurseenheden/b9171544b66a3db39fb8fcfee05632cf4e40e99c5ee2adfa6bb01c4b1710d964","Gavere"
"http://data.lblod.info/id/bestuurseenheden/d7647bc0a8e666de25cd429da54fc9e9909f886a177cb53df304f1273636f44d","Genk"
"http://data.lblod.info/id/bestuurseenheden/5f7bd773873d0f3910802f9855bdc2b6738aacc44fdb6d8ed45cdd8220f10586","Steenokkerzeel"
"http://data.lblod.info/id/bestuurseenheden/be5f63236aacb5478334077a901dbda6816a7b923753b49c06295777b47e6aa4","Meeuwen-Gruitrode"
"http://data.lblod.info/id/bestuurseenheden/2f570478b85dc12e5a980f82160a7b697fcff807eaa0500aa6474dbcc3383ec6","Gistel"
"http://data.lblod.info/id/bestuurseenheden/72bc672ceb6894d8dd31dc2dff2faad2fd93f4b9f5347d556d092516eaa30aa3","Beveren"
"http://data.lblod.info/id/bestuurseenheden/e195db74c07230ca36d6b804dca8e054ad7e7e5f0abe5ca61118a39bb4c87d83","Sint-Laureins"
"http://data.lblod.info/id/bestuurseenheden/d3c76fd84794dad5e12c9eed6d6332dc5e5c99daf0e4ddd7ceebf13d5d6c0ccd","Kruibeke"
"http://data.lblod.info/id/bestuurseenheden/4b0367328c54e6af11eb0993c441fccf82cee4784623962b78e5ceae7018f6f9","Houthulst"
"http://data.lblod.info/id/bestuurseenheden/3034a27a33930cc51bd440d5c270e96d7e536caec358175a57d41a0b9879695b","Landen"
"http://data.lblod.info/id/bestuurseenheden/5d21ccef2f5aa3ccbf3a74c6f25ebe9f0b1ef5a97b87f3d79c86ae9d6d857df8","Herne"
"http://data.lblod.info/id/bestuurseenheden/bff95ee9bf46fc421ec7d1549df0a2ea5766302510c3298916d33a7d713c1b50","Haaltert"
"http://data.lblod.info/id/bestuurseenheden/9ba66c8f97bbc6dd3ba2b35d8a6bb79215facbe3e5b3d52672b785449d6f5e58","Drogenbos"
"http://data.lblod.info/id/bestuurseenheden/240d6c23ed1488956468b3c2480f3acd1b69fd17a536f6731687d3066e657f45","Nijlen"
"http://data.lblod.info/id/bestuurseenheden/8e56a0a0b0d98e418bc12db9df9750ebeb8735ce96bf7264b69c0ece34cacbbf","Diest"
"http://data.lblod.info/id/bestuurseenheden/5dac914e84e5b9293b3457a57007ede319ba8e7da44cd7366593b7212c21bef0","Beerse"
"http://data.lblod.info/id/bestuurseenheden/de799622f0e0a928b0409c401d18d2ed7dd5a5dc165a8bb8e7934f94eea77c44","Herselt"
"http://data.lblod.info/id/bestuurseenheden/323a24f2fe81ee0b6586ec78be36760e478092e07386b2785992ea8b61941833","Lokeren"
"http://data.lblod.info/id/bestuurseenheden/bcbf100f2c73def5ab297e49a91d1086c03412c979d5b13154645b0794b29932","Brakel"
"http://data.lblod.info/id/bestuurseenheden/f5aef7c691e862d39758f589e2202f64ee91d924938d8ba42de5d1a4dc26b38e","Berlaar"
"http://data.lblod.info/id/bestuurseenheden/60a7cee610b31a63473ef8f52665f60108cb2bb7ce0d1cba8bac7db5f00ab318","Glabbeek"
"http://data.lblod.info/id/bestuurseenheden/b5a995382b4d908862d8203045a669c3d058553c16a4e2370030a012cf5f74bf","Oostrozebeke"
"http://data.lblod.info/id/bestuurseenheden/4018f56b73fad17de5fcbe818dcd84e78daa28e7c04669c110107ef844a6e826","Oudenburg"
"http://data.lblod.info/id/bestuurseenheden/9727dd2f315c2aa8a87ec657fa3dc24c18a6ee6c813a57db008c9ff479dbf144","Pittem"
"http://data.lblod.info/id/bestuurseenheden/6861e7ab92ff73b8d448edb2e16e9e400201c5ceeb66afb82b185adef4bcbaa0","Stabroek"
"http://data.lblod.info/id/bestuurseenheden/7b4c40e89ebccb7e3e8b969d6d093488e96ba99753bea150d7301dbaea1167a0","Oosterzele"
"http://data.lblod.info/id/bestuurseenheden/3f57a17fbcdfc13def910c54948bec11d71d3f75946b0336fffc0587bf18d783","Meulebeke"
"http://data.lblod.info/id/bestuurseenheden/e6b3f07f54fe7a613d5c6993de6d4d25afe28d1dd6e5a42b9ecd7b5b916c5819","Koksijde"
"http://data.lblod.info/id/bestuurseenheden/787ab1f73a70f179f6bf7f67a0cd74c6b790666c9b0914e7c2aea23a1a832823","Veurne"
"http://data.lblod.info/id/bestuurseenheden/b1921c8d18412f385e9e04779ce742b844ebb6f2c9e62f2f7f0737f0a0be9a05","Bertem"
"http://data.lblod.info/id/bestuurseenheden/96bad0ebf5866e1f4d792a276343d492ebf21ef4cb84634dfb27daf0fdd28ece","Laakdal"
"http://data.lblod.info/id/bestuurseenheden/bf9a29f384bec402f9aaf33b49942fb743e9b8580e3e17d77711d823cd8317a1","Geraardsbergen"
"http://data.lblod.info/id/bestuurseenheden/c1f7f31c96d4e985ae41256349250aa18e7e2b2f7bcde6201b065e6a0e028e26","Lanaken"
"http://data.lblod.info/id/bestuurseenheden/9ef9220a7368a7bb42d66f537d5bb386c44ae8d6b7c9348d49a0002ca019fec8","Machelen"
"http://data.lblod.info/id/bestuurseenheden/33abba8b7d29dee8ea194d2751106727c01576d862e63b4eed34cad307ae7098","Assenede"
"http://data.lblod.info/id/bestuurseenheden/880c978bdf2b0e3dbbd4644787b0e78f9325a865e120e66b8aba2f8dc2967c1f","Baarle-Hertog"
"http://data.lblod.info/id/bestuurseenheden/e3e940903cbd7fb41b9dae05802d6823330897b4889abb4bcb53d7e6dcd92ef6","Zwevegem"
"http://data.lblod.info/id/bestuurseenheden/79e613965c6300bb08395a2ed56c1532bda0cef4da031ad5ba630313454937a2","Willebroek"
"http://data.lblod.info/id/bestuurseenheden/037bf2c12d939fa29aa5c77dc274b32ed7ac29ba9be068e36b0da950226d5c61","Herentals"
"http://data.lblod.info/id/bestuurseenheden/99551d67fc22a429595d9fac5dba1babd38cbd823c7ea107b73382c30787b6c9","Herenthout"
"http://data.lblod.info/id/bestuurseenheden/aca53cf11877dbe2f303722b110a86c835148ff4a167c30654ea9dd008c9f2a1","Zottegem"
"http://data.lblod.info/id/bestuurseenheden/6e7a231f4734064a38a6e347d978a5ec06bcbf1f749820791ac6bfa301be9aa1","Retie"
"http://data.lblod.info/id/bestuurseenheden/2e6b922d4f84f378b341c2b0d1bc61f4c64e2ef726dfb7f9e863752dc8f7cdc3","Ardooie"
"http://data.lblod.info/id/bestuurseenheden/f5077ea4d13ee6d74749b2d9e7de428b0633388a10b436984859021cf62731b9","Neerpelt"
"http://data.lblod.info/id/bestuurseenheden/76ac18db79a6c10285e73d9c2d713908dc4ea9c8db0e537cd66b7dffd3f08c4f","Izegem"
"http://data.lblod.info/id/bestuurseenheden/af8b2789c75950ed882332410124b5247259ad7142e77ea1fdecd05dbc53a848","Schelle"
"http://data.lblod.info/id/bestuurseenheden/3241773b6e80720538692a56fd4433c622115aefc8610d185365df478a09dc31","Grimbergen"
"http://data.lblod.info/id/bestuurseenheden/628de4b148e9c3a540d42ee4d6fa98810d8016ed13bd396c9f80bf432a3e203d","Deerlijk"
"http://data.lblod.info/id/bestuurseenheden/64a615714901b84561abd58d820d61c2e22e89ef6878170e225d45639caf7d38","Herzele"
"http://data.lblod.info/id/bestuurseenheden/c3254bf9b0bde0f1a34e51d08f04324ce18cc2e4a80a8b3a3efc7eddc610b01b","Bierbeek"
"http://data.lblod.info/id/bestuurseenheden/204f9fe956eaf101f6e268a5403ad8494d7ed532d5fb7ea7334543b1e5cb916e","Eeklo"
"http://data.lblod.info/id/bestuurseenheden/c0bc99ef7235a43123f0b0f751d2851b9218c8790f6eba4b921960cf464f55ca","Ledegem"
"http://data.lblod.info/id/bestuurseenheden/917225cf1e7f6ab53fd4ca406520697df38381e3a58b3d18a126b651bc9855c6","Halen"
"http://data.lblod.info/id/bestuurseenheden/96748b96756c2dd9b57dc046596f9b1d18fc127d04cf92966021724e98ebe80d","Bornem"
"http://data.lblod.info/id/bestuurseenheden/be274f73ffbd75a9cf28222f45044f468b40692ca9c80c8c5899acf554498e24","Sint-Amands"
"http://data.lblod.info/id/bestuurseenheden/bddcbf81e8263f5d147e750f760e9e62242331ed8036eac8e521cea2d738918a","Kuurne"
"http://data.lblod.info/id/bestuurseenheden/ba64836606bc59e1334a787a10e97766268fd98e0dc834175963acb182ad16eb","Lubbeek"
"http://data.lblod.info/id/bestuurseenheden/09236fa913f37184d201c3cbde96f83cdedde977846fff7f366bb36207acf92c","Buggenhout"
"http://data.lblod.info/id/bestuurseenheden/5949ac1a19026206ebdc67b4e1a63416bc0f4fa25615295f185fc3fd5b5181e1","Kasterlee"
"http://data.lblod.info/id/bestuurseenheden/d3abb7a0aa838ba5641cdce07c61803659ee32e66ecf4710d719eb98ddf0c8dc","Boutersem"
"http://data.lblod.info/id/bestuurseenheden/11228df4ed78cc6b5c688c561570fa3b2a609540db8482a2866a8ed0cc398b08","Sint-Truiden"
"http://data.lblod.info/id/bestuurseenheden/12024280b02353961269940c14f4a2085b0befefa81d5f12fa967126d1f6accf","Bocholt"
"http://data.lblod.info/id/bestuurseenheden/d158db91a7497ab1ae9d2b07d7dddef323169ae483f6314dfd5ee3e9e1393de2","Kapelle-op-den-Bos"
"http://data.lblod.info/id/bestuurseenheden/f7ff1fdfec6a85c01e57c37039a91563d75b246bd69f30d4099999d93a0abc02","Kampenhout"
"http://data.lblod.info/id/bestuurseenheden/257500ff9a8b2ae62dcd338528143ba271d41d1f35cf74d9c0e575e1f3a6cad9","Oostkamp"
"http://data.lblod.info/id/bestuurseenheden/04895013fe6301f32aa46deae98abfb833a717ece5a33b6c453674c6d0f4cc5e","Melle"
"http://data.lblod.info/id/bestuurseenheden/c6ae77be4aa72cb5f9ebe979e788106a353d48a3569fac740a78fa47fd1a1c72","Wijnegem"
"http://data.lblod.info/id/bestuurseenheden/7c64f3e2c9830891e559f203dd2cc0c065617bbd2b91d1e380d10a8521cdb7a0","Knokke-Heist"
"http://data.lblod.info/id/bestuurseenheden/02874f3269bf1a5d7247dc7b524c6ab73735bd83813312c3f8399d8182517450","Koekelare"
"http://data.lblod.info/id/bestuurseenheden/ac2061ba8bf8c0658d7251c0fd2ee255e71f4b41d97ba156fbb004c55509ff4d","Zoutleeuw"
"http://data.lblod.info/id/bestuurseenheden/6df8e0bea64384f82abd128b92e92aeeffa4847814c0205ffaf9e772e75bde12","Evergem"
"http://data.lblod.info/id/bestuurseenheden/747d235d067e1f04eb12261b79850098ba93cdd3522cb75bd84e4605038bc76a","Alveringem"
"http://data.lblod.info/id/bestuurseenheden/b79f87dd99048218d7ae8c9822b56ba2ca446cad6d020435eee7e960ec7e76ae","Wielsbeke"
"http://data.lblod.info/id/bestuurseenheden/d5afbc1a5906c3c386376e82d9930d29c60812ccf897833fb4dde99e73520914","Zemst"
"http://data.lblod.info/id/bestuurseenheden/a16924910bf18adbc3f4c1f8a80e8ed653c1bb8a6df289d23907b5400ed05bb4","Tervuren"
"http://data.lblod.info/id/bestuurseenheden/c895809729a165666fc111a40affe229f3c8e8f1ce9dec2dcc1be1ed81b52d9b","Aalter"
"http://data.lblod.info/id/bestuurseenheden/cc1d56b39041957b17f7a24e80076b633e0ae7c582e616806b7112aff8e62efb","Maldegem"
"http://data.lblod.info/id/bestuurseenheden/881c65df7571ff558932068e7b6ac5becc9ec03cf078f802f6b5088911a7538e","Sint-Gillis-Waas"
"http://data.lblod.info/id/bestuurseenheden/de085ffd17e2b1b37a6069ddf36a4d6b2108e89a095c3143c620759351ac9cd1","Hoogstraten"
"http://data.lblod.info/id/bestuurseenheden/7f2c5143806d6110feb44eba2a91d58e8fd563465b94d0f6b40d13a6a1740940","Wemmel"
"http://data.lblod.info/id/bestuurseenheden/45f432ac38d124141638c62f7afd577ab847c3571061b45e3b0b3329f6194048","Kraainem"
"http://data.lblod.info/id/bestuurseenheden/3b38fbd322454a0e9d1e9fdb290d6d9629b1db6ae476afcaed2035f339cbc5a6","Ternat"
"http://data.lblod.info/id/bestuurseenheden/8491a95c3ca6442b38a1359131dd348299ec1ec9d5316f18d1040e71cc75914f","Lendelede"
"http://data.lblod.info/id/bestuurseenheden/b8bf3d26396dc67722019c522d3a0bff2c6f5930694f3c685f6384e2e6e0b2b4","Grobbendonk"
"http://data.lblod.info/id/bestuurseenheden/12c39e825df9ac4d6ff12092055d73b8f40834aee307f5ef0b7551f301d0dfcc","Essen"
"http://data.lblod.info/id/bestuurseenheden/68f178f0390b63b5f0c48c9d0e3e91f0b8747155189f121c129dd749dcf52906","Damme"
"http://data.lblod.info/id/bestuurseenheden/1f13a3d2716c49cede296f15407d50def7afeb10c2d7d9cff9d4bc774eb01793","Leopoldsburg"
"http://data.lblod.info/id/bestuurseenheden/48fa9ea1578a67db52d3fd572e82ece0577a80239c4438d32dadb612c5b7d09f","Hamont-Achel"
"http://data.lblod.info/id/bestuurseenheden/45cb23b65f3c877676288af3818da3cfeb6c6fd03fd81b4b0036ae7e02d3f5b5","Vosselaar"
"http://data.lblod.info/id/bestuurseenheden/875f34f4563fad2ee7f2fba955ca78ea017f1d716c08c49235bd1cdbb625b77b","Jabbeke"
"http://data.lblod.info/id/bestuurseenheden/59bea65e87e95619e4c14ba593ef00009a99af8f44628c535fa7dc6c751e8e38","Poperinge"
"http://data.lblod.info/id/bestuurseenheden/54f52dd240e24ac891f9ec97506fe248ba17cb46a84aac4da6f1916bb3111022","Zandhoven"
"http://data.lblod.info/id/bestuurseenheden/bbdf96b9ca27ee19cf518be59285fc892677a0c77b9bb22172f09d93e729fa14","Dentergem"
"http://data.lblod.info/id/bestuurseenheden/44f5a21d4631e391019d4d93bc700b64ad7c44f5d3be25522a003c5043ee3097","Hemiksem"
"http://data.lblod.info/id/bestuurseenheden/da963630eb61b9107c5db60ccc3b0bbc5b8954d0fc872b6e39c224c447bd450f","Wuustwezel"
"http://data.lblod.info/id/bestuurseenheden/0b5d1664b3cf08550bcfdac0f4b195ab7a46a0f1974726de864dc0edb1565ecc","Linkebeek"
"http://data.lblod.info/id/bestuurseenheden/7964584de2575c7e0aefee4a2b87b28efe1cd0a3077fa750ca75e37e9afec485","Lint"
"http://data.lblod.info/id/bestuurseenheden/d4f223303e1f925ebcab3bf7d42be9ab847aa5ec413d64139c5ebb76a15d7d73","Mortsel"
"http://data.lblod.info/id/bestuurseenheden/55703854f4eb9eaa206e9dd32e4c8a4475f258c499ac2f712f0778b77c342e1e","De Panne"
"http://data.lblod.info/id/bestuurseenheden/f2a9a2392d5e4c0f992a84a0871d048a7b91b14681e9980a63aa6ba4b1f7eb8c","Moerbeke"
"http://data.lblod.info/id/bestuurseenheden/0f90ca7e2a59ef6eb584179f7d6503661f7ce3c1c1096fbf3d3a8d0b4b07d51f","Bever"
"http://data.lblod.info/id/bestuurseenheden/708128d3128fb87ca50371ea08b3778d5faced46dcc4c42e034f101e1b7b474a","Wervik"
"http://data.lblod.info/id/bestuurseenheden/acdeb7c6328dd534dc7a13c9e5cb0f46654ba89d062f2d4d957d8e5e898fdde4","Zedelgem"
"http://data.lblod.info/id/bestuurseenheden/19673274e30b682be3dd3178352611aa26c28ea8907fd4990ff69e01af7019f6","Kruishoutem"
"http://data.lblod.info/id/bestuurseenheden/93746445b8e49813e27e0d07459a2dac0d8d4aafb85d87662addecb3644c6c02","Ranst"
"http://data.lblod.info/id/bestuurseenheden/82d4abaad7dd3d7a48545f48391e64eb7ec6975072927b36edf8e8eb34980502","As"
"http://data.lblod.info/id/bestuurseenheden/73dfd8ed3023297f71f6c4ef833e515e7caa3e4a10c9caa032576cdf26c478fd","Oudenaarde"
"http://data.lblod.info/id/bestuurseenheden/5bcbe1dcc6bd42354ce05e87c56a09a0e62c2fb67a4e6def59a30d40b1d70e4b","Lo-Reninge"
"http://data.lblod.info/id/bestuurseenheden/f10e9ae6368cf490e3b390772664ab6e995ac6605f6806b29c8eb52d937758ac","Bree"
"http://data.lblod.info/id/bestuurseenheden/986bc8bd29af2847bdaa104fe5ff052201032f3e5b95d7b2ae3a3c5486842a94","Hamme"
"http://data.lblod.info/id/bestuurseenheden/8726a8c00a0febfa0944a3674145905d03f49dc3583d14d27b3ec60ea7a05f99","Heist-op-den-Berg"
"http://data.lblod.info/id/bestuurseenheden/6eb1ec0b01bd5d9b9368d7bf5dd1ebad6a73679a24a673e04fb88a66362e2f03","Heuvelland"
"http://data.lblod.info/id/bestuurseenheden/04a7284b099f5d7ab986209789ba663224c6fa6270e8c82c4d9a58979869d0a1","Zutendaal"
"http://data.lblod.info/id/bestuurseenheden/6011a5d8acde95d23f021cb53d31fa95d75391ce404466c65757c641d6207f63","Rotselaar"
"http://data.lblod.info/id/bestuurseenheden/56061c5a09c4e4fab34edffa2585bd47b5c104edea687e409a9a926b2197850d","Blankenberge"
"http://data.lblod.info/id/bestuurseenheden/848084c89eca07d30d0bd8e5c8611c079e1989dd30535c19f3d1e7b07da05be1","Kontich"
"http://data.lblod.info/id/bestuurseenheden/d52bb1ae601fa75cfdd9d1a2208545a96b219ea29a49bb8d8bcbd10614607923","Kalmthout"
"http://data.lblod.info/id/bestuurseenheden/eb33e645ecfec12a9f701cc21db2d919242d9c94812a7b5550e158fd28d8cd9c","Stekene"
"http://data.lblod.info/id/bestuurseenheden/74d03e0964eb006c22ef3ad3230723b3d5d2ab2edc976d97ab8b23d4edf0bcef","Dilsen-Stokkem"
"http://data.lblod.info/id/bestuurseenheden/80b9cde1dfd1f040daa29e19818b79630175565f3a087ca6c0bf44a61fa3c706","Boortmeerbeek"
"http://data.lblod.info/id/bestuurseenheden/9c511eb332f61498586e50047b1f238d61e474f3e0942dfdb3a8aaace804cd3e","Peer"
"http://data.lblod.info/id/bestuurseenheden/56db39c0bb1c85e9c5aec9adb3f5af9720d4702e30f4772aecd272f03c7becea","Deinze"
"http://data.lblod.info/id/bestuurseenheden/2a2b72be37abebae1315732f80247dce692f8bed094361611634561eed81f73b","Roosdaal"
"http://data.lblod.info/id/bestuurseenheden/76730bd9ab6808230335d90e9ff30ad362a3461ee0239fd978e4313bcdca44c5","Sint-Genesius-Rode"
"http://data.lblod.info/id/bestuurseenheden/e1cbc0a059ae4b2ec31dd923159863ba1af30ddefad9a65c812cc097c34f9ec8","Overijse"
"http://data.lblod.info/id/bestuurseenheden/dfb206885f2dfd9257e65364956f70562e52d55fd99702dff117c8f24ebbda43","Dessel"
"http://data.lblod.info/id/bestuurseenheden/cd4b2db3d4bd2f4776d3dd65d3e94b01277676dca5389221a7efcead1d336c12","Ieper"
"http://data.lblod.info/id/bestuurseenheden/304e5a2de1d040e482304f4bbddda1c0237a9c6d90169af3ea69e431709f79a4","Diepenbeek"
"http://data.lblod.info/id/bestuurseenheden/467787c74d6679754685d3bf82e7f628634f7bfd91dc428a7bba32366c851c2f","Ichtegem"
"http://data.lblod.info/id/bestuurseenheden/904ebf5719a5a4e125a3f9fdcd25b08e336f822ca786dc2b30dfca927033e4e4","Mol"
"http://data.lblod.info/id/bestuurseenheden/d89fab85807c017c1fc3391375cb8093884c76baaff2a651a9076412e9a80cd2","Middelkerke"
"http://data.lblod.info/id/bestuurseenheden/bf4a505b56482d3d28f3c4b29a6c8c5605c508f4a714006e2c00c9fe3824a488","Malle"
"http://data.lblod.info/id/bestuurseenheden/a0e10593de20daec75c7c987f07db727dcd9dce7e2d2a8797b6a0f0f7157b14c","Dendermonde"
"http://data.lblod.info/id/bestuurseenheden/144c75e403c5084af57f5c0c86252b8759b56baf9694326abbcb5ea40ab69f1a","De Pinte"
"http://data.lblod.info/id/bestuurseenheden/8495bf4492c65a83f4edcdbf82ca32b4118b337291cc5b9b3cdae874cc06fb60","Maasmechelen"
"http://data.lblod.info/id/bestuurseenheden/7bb64e4a218c92f177e8abaac3a7d4ef706fb6cfa28246c397bc9a75c1773b3e","Ronse"
"http://data.lblod.info/id/bestuurseenheden/004eac6350757ce2688115f284907f42f1ce6ca39ec6b8819e105eaaef005647","Beringen"
"http://data.lblod.info/id/bestuurseenheden/8a162fa437a54cb657b57514e4e0135ec106fce3206c29cd2f90b1859ed90dab","Leuven"
"http://data.lblod.info/id/bestuurseenheden/f6dfb1fb092ad4291b7921df8214dd9032c1c0fd198ea43264f5d2ac033f24a5","Sint-Pieters-Leeuw"
"http://data.lblod.info/id/bestuurseenheden/0ab15874de047d318f3dc3575f9ac88e38eeed09b7a7538df42ac3c7c3c607f3","Maaseik"
"http://data.lblod.info/id/bestuurseenheden/b001899f805ea8857ba54229bf128eb1de52ce5ed92b15ef4f396c73e89b3ec3","Heusden-Zolder"
"http://data.lblod.info/id/bestuurseenheden/051bdc82e217d8570decfdd7cebaec496079a7f7ae422c4570b268269385af56","Kluisbergen"
"http://data.lblod.info/id/bestuurseenheden/45304946a1d7ca07e95fb5de4cb50df96a75cb1583c7df5029930136bd7ebe38","Beersel"
"http://data.lblod.info/id/bestuurseenheden/2712dbaca999e57d26f1f0d3e72b2ed96113d6ac62d72b7228fd682e1324e4e5","Puurs"
"http://data.lblod.info/id/bestuurseenheden/55aefb46ea8c9cf9c630fc4c129d4ac9a0db689af23c12896b86a6c8a707ad7b","Rijkevorsel"
"http://data.lblod.info/id/bestuurseenheden/4f4a3d2d9a87bad57bdb770b0c52b1fe6fe4064fb48f1279496f35cd3fe3c1f5","Bekkevoort"
"http://data.lblod.info/id/bestuurseenheden/3834647b5e95ea20f5ffe5a12a09fbd3d7fdf0d187fab385cb7b841422176ad6","Borgloon"
"http://data.lblod.info/id/bestuurseenheden/b20aa3d0e5aa6c75af0710d94db0a30952c0c45f62282d9d8df8a4e15a9295dd","Kortenaken"
"http://data.lblod.info/id/bestuurseenheden/6a98028e3e68cc51efb054d7097684a14cdb091eccabee5fdb022b6d84451d06","Lichtervelde"
"http://data.lblod.info/id/bestuurseenheden/f9ee0b69624bba3677b18b95110246ee9106377c948ab5d914909eac79f88bcf","Wezembeek-Oppem"
"http://data.lblod.info/id/bestuurseenheden/b4a4fbb03d7380abc629cab4165419b537e34370329551913f457b655dc07b15","Brasschaat"
"http://data.lblod.info/id/bestuurseenheden/2fd8218dd4a404931eeaef879e33506ae998e38d4ca745620f4f6044c230dff3","Anzegem"
"http://data.lblod.info/id/bestuurseenheden/624868cea426a756fd3c73ec1880030a0054b1736422f4897bccf3f596ebf538","Lede"
"http://data.lblod.info/id/bestuurseenheden/d27f323f877abd097699b2c5a748bfe41bc83193f8c67ffc8343a335146e00de","Oud-Heverlee"
"http://data.lblod.info/id/bestuurseenheden/30140eaed99f7bd21ae29da27e25c732a0e7ccd5a54b5fbc4afac00dafba6f3b","Herent"
"http://data.lblod.info/id/bestuurseenheden/d64b138952736de32fc75d548c9c82b3e9be9cb8295750b8e63e07fac2c4971c","Destelbergen"
"http://data.lblod.info/id/bestuurseenheden/fb1be873c4b31e391613dfae8e68edd694b1fdf126eeecb502b1e5cad6f2f682","Tessenderlo"
"http://data.lblod.info/id/bestuurseenheden/43ad404aee5fd4f07d575e118883934b0ad0ead0ef8cee0793b7f72e4c1ce19f","Opglabbeek"
"http://data.lblod.info/id/bestuurseenheden/b4aa549332cbc6e6b92d2e466b49af8111ad67b774ee4c990f98d3b77c5c6fa1","Geel"
"http://data.lblod.info/id/bestuurseenheden/785e8d5516378c7382ad0e7e356d2301496d810c6cd46d72ccebb455d3ac525e","Hoeselt"
"http://data.lblod.info/id/bestuurseenheden/0229d2fe575a7beef10ef69ed2d7fa364a3012e95986cc10056e77b6b5f811e5","Zelzate"
"http://data.lblod.info/id/bestuurseenheden/ad6d197c35a0c3cdaf03ec0668e818327013ab3c50645eabe5840ddfe5518f89","Lierde"
"http://data.lblod.info/id/bestuurseenheden/50e47a0ba77a92d74e528c1864bcf5b44b01cc20120fa5ae2ba16ae24d7642c2","Opwijk"
"http://data.lblod.info/id/bestuurseenheden/bf771996f6be18d3198e1ff6b08042406fae5d171bc2c1dedfd756b3862131b6","Dilbeek"
"http://data.lblod.info/id/bestuurseenheden/10a0af7dd1ba91a385a6ccfb2dcc48c8b306ba6c51f2935b1cac0ac6fe2016e2","Wommelgem"
"http://data.lblod.info/id/bestuurseenheden/2c6a3b01c690aa0c860b5a2d8253b7210932bd79fc308e5b8debb67f79d84f08","Heers"
"http://data.lblod.info/id/bestuurseenheden/32da17c087bc35bd5ff2c44fc43a225770b98e08c104a4d741312fba736331db","Lummen"
"http://data.lblod.info/id/bestuurseenheden/7563654fe91b0e45cd57a0b2a6e786bfa5f34bb032f360faad7a280bd6510c1a","Boechout"
"http://data.lblod.info/id/bestuurseenheden/5bf06ce5dbd1eea7dbaf00cf52fc517b7439ab7a9c5e607a269cc26cc8e27d70","Olen"
"http://data.lblod.info/id/bestuurseenheden/23878301a9c6163c4a836d06950bfc9c681a1ef0e40a51162329c32dfc061887","Meise"
"http://data.lblod.info/id/bestuurseenheden/c5623baf3970c5efa9746dff01afd43092c1321a47316dbe81ed79604b56e8ea","Gent"
"http://data.lblod.info/id/bestuurseenheden/dad16fb4b9075c91432065d157e9e3ddfd6c65a7a6532d75671692d2def9dd02","Bonheiden"
"http://data.lblod.info/id/bestuurseenheden/2b1c96da5ba86a6dbb84af9f53b73d8e3f9e4b670c3ab155c9fcadb735d7c31d","Turnhout"
"http://data.lblod.info/id/bestuurseenheden/1eb6c18e940badefe06fb5412742de87844b6dc59e0df795d43921a0381ee377","Linter"
"http://data.lblod.info/id/bestuurseenheden/cbf76918872399f21eb1c979e63d4b10df940eada09955821fbf52bae4344677","Brecht"
"http://data.lblod.info/id/bestuurseenheden/d4d6c6958c0600db0d1cf82ca7642c1f3789b9342230b6174d36c50c0117d5bf","Sint-Niklaas"
"http://data.lblod.info/id/bestuurseenheden/f0ed2f07f8bcb8ca171f327fd85bd1d6698d05da6e858a0edf0788b67509064f","Sint-Martens-Latem"
"http://data.lblod.info/id/bestuurseenheden/7c6b38fa6fc65879cb674a654617de171adfcfacba086fb918da3749dbaa43b5","Wachtebeke"
"http://data.lblod.info/id/bestuurseenheden/baf514fab1fdd073782ab06efdce83b651bb30964a29fc742c3435bcdeeb327e","Harelbeke"
"http://data.lblod.info/id/bestuurseenheden/356961b99a3221ab85aaa9ed6feb26d4bfcff3c22207efc9ad87abb31d5dfdbf","Zuienkerke"
"http://data.lblod.info/id/bestuurseenheden/f78a1659bae67fb9b1152dacde0e5be24b0b49ac14f87b45617e689f77be46df","Kinrooi"
"http://data.lblod.info/id/bestuurseenheden/c6c1e26226de1a32953583825057f977ed1e4a942e77fdab927e49d744399907","Zwalm"
"http://data.lblod.info/id/bestuurseenheden/de1b368a9134ad6782b22e7af616d61019ea5c64d6493786d904d53888b42d67","Putte"
"http://data.lblod.info/id/bestuurseenheden/da5c2f8824ae97eb1408e04217048f252c405ce2ab943f4147f030dcf6d2838d","Liedekerke"
"http://data.lblod.info/id/bestuurseenheden/4b3ee479b05e81df72e2c2d7aa42c5c77fd20938feefa0126abfff98356bbc96","Hoegaarden"
"http://data.lblod.info/id/bestuurseenheden/3796fb30264292b169955088a008c65b386e847e5f3bf0618eec6e22f16eb8e1","Wevelgem"
"http://data.lblod.info/id/bestuurseenheden/cffc0ca7d178a6f52a83668200ca2e19c54e0ee78e0afb1236db877236e2d8b4","Horebeke"
"http://data.lblod.info/id/bestuurseenheden/271462ec6082dde63034d79d808934c298a28d8e9593cecddb802d8857d3ec44","Brugge"
"http://data.lblod.info/id/bestuurseenheden/0063f3bf54b42af14f148c0e5bb503ee555d7dbc6926a0eda03d5c523809ae4b","Geetbets"
"http://data.lblod.info/id/bestuurseenheden/0816e453ed9171894e7b79f74d83144b6df186c94b9266c4c240280161f443b9","Erpe-Mere"
"http://data.lblod.info/id/bestuurseenheden/026509cf3b4eeb7ad88fe57a270060574f60abd1c3524837d36700e40809d210","Hasselt"
"http://data.lblod.info/id/bestuurseenheden/d769b4b9411ad25f67c1d60b0a403178e24a800e1671fb3258280495011d8e18","Aalst"
"http://data.lblod.info/id/bestuurseenheden/691c83d1d956184cd4c1a97cf27485827b51baf87321e16ea599ffdda4e4b78e","Maarkedal"
"http://data.lblod.info/id/bestuurseenheden/ce39eff693181082fb2e432cac54662e0d653499465c4b2a695db1ed5be8bdcd","Zonhoven"
"http://data.lblod.info/id/bestuurseenheden/53a387ec5738c4e6ff76d40c88a27e291e895c0fc85a71e772e921313ada2d7f","Tienen"
"http://data.lblod.info/id/bestuurseenheden/60daf27c2cf12dd123447aa300dd7320890391dbd8dd6b4dd7ec02258f8281b3","Ruiselede"
"http://data.lblod.info/id/bestuurseenheden/eed06b7f96d91d0d61863d8085d3370416ebff5fdb80c8922e4f0e0bbd4e8fde","Avelgem"
"http://data.lblod.info/id/bestuurseenheden/3dc438677191b88ea491944a489e8137c09aae900924c96dec52352e086f8c3d","Begijnendijk"
"http://data.lblod.info/id/bestuurseenheden/1b9e9954c567331e845b8ca8f423d4c5fcc26aa377a73db1e30e0be83eac08cc","Halle"
"http://data.lblod.info/id/bestuurseenheden/4ba9fa65d8a6cc44a127edb470eda4f4a40aa0f1f1d28825f785fd4809a2af96","Kapellen"
"http://data.lblod.info/id/bestuurseenheden/201519f35e14c5f67d0ae819831be4ad60bbb87fea40dab4ca5ea4eae018b4a7","Riemst"
"http://data.lblod.info/id/bestuurseenheden/aabfc4d66b59d5910872e7093ba0ae19df2cef3b85f849f42313f0afda1af6ae","Lebbeke"
"http://data.lblod.info/id/bestuurseenheden/ee5d6d9da5fcf9e7bbd5c60931e37451f6bc816233c9c269565d79c2b2a37af5","Lochristi"
"http://data.lblod.info/id/bestuurseenheden/405b8adb3402d8b3ad4d22e98cb96afa3fc3da08b9eae79b82e9f3f3f1420677","Mesen"
"http://data.lblod.info/id/bestuurseenheden/6bb0d24b600f2934e4908b2cb0b1fee97f618df652c74bef4f5e57aa04bcb2c6","Beernem"
"http://data.lblod.info/id/bestuurseenheden/76c45d60f05bf8afc8c71859342b69cac6a57ee2b320b900a60afd6ba9b8eb9d","Gooik"
"http://data.lblod.info/id/bestuurseenheden/7831d6c59a6175731d8158454acd881850f1915a8628426f3d91d3510ea37950","Zele"
"http://data.lblod.info/id/bestuurseenheden/772ed719a9478a76710f3d92bcd43556cb85a1ebc1c04e9561dc1327df846c4b","Tielt-Winge"
"http://data.lblod.info/id/bestuurseenheden/f879d68d0f66af67aa045b1194cde7dc5d82e3bfe07746cc682be472c9556631","Waarschoot"
"http://data.lblod.info/id/bestuurseenheden/2d7c728af88ae7785057c04d6118f05f5b45a65e06b2f9b12a059925f0463e5a","Londerzeel"
"http://data.lblod.info/id/bestuurseenheden/5809888c4bc3fe6708e4bb775f50311edcfe2c5e424b71f8accb62e8f7a32cb5","Wellen"
"http://data.lblod.info/id/bestuurseenheden/eb021d02b04f6a35d27f1fdd206dacda742ae5b5ec8cbbea1d5e664545e98a1e","Lille"
"http://data.lblod.info/id/bestuurseenheden/0a2d980559eb9f3e0820386541274a72692f495204cd6d951ea1907ecc65829b","Nazareth"
"http://data.lblod.info/id/bestuurseenheden/92207a4e09455f59f19553e95ebc4ea1b33e6f7b2e5cf317ea31ba7ac0cbca45","Knesselare"
"http://data.lblod.info/id/bestuurseenheden/619f6c633643d4bbd15f6d2b63481836123a1167dc1461dffc80d39781f2099d","Moorslede"
"http://data.lblod.info/id/bestuurseenheden/7125fcbfb7a08f8c01efbed115cea602db249c04afe9b5a2cc298cc7949cd040","Borsbeek"
"http://data.lblod.info/id/bestuurseenheden/7d80e3a1006e3c56299a1e1f028a2dbfb1163873acc914b6f024ea56b53a4760","Boom"
"http://data.lblod.info/id/bestuurseenheden/e043234fde49babe55530e3858c48ed948fde0fe783fdf93890067581fea165f","Sint-Lievens-Houtem"
"http://data.lblod.info/id/bestuurseenheden/c746946756edbcd64617216e752dff9ee8fffb1f6315f621cd14df0704915550","Rumst"
"http://data.lblod.info/id/bestuurseenheden/ab684633d605d93dbbe6b9ea40667e2bcf03a0856cafe1825e95b7829ed502a3","Tongeren"
"http://data.lblod.info/id/bestuurseenheden/384fa8a2b8bca7729339e99914597d79c07f3385fc367cdf7cc3a28e31892c4c","Nieuwerkerken"
"http://data.lblod.info/id/bestuurseenheden/523e4dca403e88d50b349f71e20b46c89cec5e04a35c1c09f76f2bcff4b61adb","Bredene"
"http://data.lblod.info/id/bestuurseenheden/65cedd4d994aa2e818252bbb4672b7184fccce7edf673d3e5571da51dedf6a3a","Scherpenheuvel-Zichem"
"http://data.lblod.info/id/bestuurseenheden/42a43591e0db1dca9432f480f0f49f9bd4056c2b131e2fc997497130f5e099d0","Ham"
"http://data.lblod.info/id/bestuurseenheden/8a7354b76f3d258f9596fa454ec2b75b55be47234366c8f8d7d60eea96dfbebf","Holsbeek"
"http://data.lblod.info/id/bestuurseenheden/3b7dcd5c1f24b05bd345e7b2fabbd9fa4d3301daf5fa196350cef2ed2c158795","Sint-Katelijne-Waver"
"http://data.lblod.info/id/bestuurseenheden/371fa701c757106e5762f522e15517b043f0b01a5f7812de5b2142637c10d516","Waregem"
